{
    "name": "root",
    "gauges": {
        "FishLearning.Policy.Entropy.mean": {
            "value": 1.4161579608917236,
            "min": 1.4161579608917236,
            "max": 1.4189382791519165,
            "count": 3
        },
        "FishLearning.Policy.Entropy.sum": {
            "value": 14070.9453125,
            "min": 14070.9453125,
            "max": 14307.154296875,
            "count": 3
        },
        "FishLearning.Step.mean": {
            "value": 29953.0,
            "min": 9955.0,
            "max": 29953.0,
            "count": 3
        },
        "FishLearning.Step.sum": {
            "value": 29953.0,
            "min": 9955.0,
            "max": 29953.0,
            "count": 3
        },
        "FishLearning.Policy.ExtrinsicValueEstimate.mean": {
            "value": -0.19891972839832306,
            "min": -0.19891972839832306,
            "max": 0.03354259207844734,
            "count": 3
        },
        "FishLearning.Policy.ExtrinsicValueEstimate.sum": {
            "value": -16.709257125854492,
            "min": -16.709257125854492,
            "max": 2.8511204719543457,
            "count": 3
        },
        "FishLearning.Environment.EpisodeLength.mean": {
            "value": 812.5384615384615,
            "min": 621.1875,
            "max": 812.5384615384615,
            "count": 3
        },
        "FishLearning.Environment.EpisodeLength.sum": {
            "value": 10563.0,
            "min": 9510.0,
            "max": 10563.0,
            "count": 3
        },
        "FishLearning.Environment.CumulativeReward.mean": {
            "value": -11.859709305067858,
            "min": -11.859709305067858,
            "max": -9.381030810730797,
            "count": 3
        },
        "FishLearning.Environment.CumulativeReward.sum": {
            "value": -142.31651166081429,
            "min": -166.68593814969063,
            "max": -131.33443135023117,
            "count": 3
        },
        "FishLearning.Policy.ExtrinsicReward.mean": {
            "value": -11.859709305067858,
            "min": -11.859709305067858,
            "max": -9.381030810730797,
            "count": 3
        },
        "FishLearning.Policy.ExtrinsicReward.sum": {
            "value": -142.31651166081429,
            "min": -166.68593814969063,
            "max": -131.33443135023117,
            "count": 3
        },
        "FishLearning.IsTraining.mean": {
            "value": 1.0,
            "min": 1.0,
            "max": 1.0,
            "count": 3
        },
        "FishLearning.IsTraining.sum": {
            "value": 1.0,
            "min": 1.0,
            "max": 1.0,
            "count": 3
        },
        "FishLearning.Losses.PolicyLoss.mean": {
            "value": 0.07493062055527844,
            "min": 0.07493062055527844,
            "max": 0.07493062055527844,
            "count": 1
        },
        "FishLearning.Losses.PolicyLoss.sum": {
            "value": 0.07493062055527844,
            "min": 0.07493062055527844,
            "max": 0.07493062055527844,
            "count": 1
        },
        "FishLearning.Losses.ValueLoss.mean": {
            "value": 0.025411454607577374,
            "min": 0.025411454607577374,
            "max": 0.025411454607577374,
            "count": 1
        },
        "FishLearning.Losses.ValueLoss.sum": {
            "value": 0.025411454607577374,
            "min": 0.025411454607577374,
            "max": 0.025411454607577374,
            "count": 1
        },
        "FishLearning.Policy.LearningRate.mean": {
            "value": 0.00029384910205030007,
            "min": 0.00029384910205030007,
            "max": 0.00029384910205030007,
            "count": 1
        },
        "FishLearning.Policy.LearningRate.sum": {
            "value": 0.00029384910205030007,
            "min": 0.00029384910205030007,
            "max": 0.00029384910205030007,
            "count": 1
        },
        "FishLearning.Policy.Epsilon.mean": {
            "value": 0.19794970000000006,
            "min": 0.19794970000000006,
            "max": 0.19794970000000006,
            "count": 1
        },
        "FishLearning.Policy.Epsilon.sum": {
            "value": 0.19794970000000006,
            "min": 0.19794970000000006,
            "max": 0.19794970000000006,
            "count": 1
        },
        "FishLearning.Policy.Beta.mean": {
            "value": 0.0004899535299999999,
            "min": 0.0004899535299999999,
            "max": 0.0004899535299999999,
            "count": 1
        },
        "FishLearning.Policy.Beta.sum": {
            "value": 0.0004899535299999999,
            "min": 0.0004899535299999999,
            "max": 0.0004899535299999999,
            "count": 1
        }
    },
    "metadata": {
        "timer_format_version": "0.1.0",
        "start_time_seconds": "1757347245",
        "python_version": "3.10.12 | packaged by Anaconda, Inc. | (main, Jul  5 2023, 19:01:18) [MSC v.1916 64 bit (AMD64)]",
        "command_line_arguments": "C:\\Users\\Van\\miniconda3\\envs\\mlagents-env\\Scripts\\mlagents-learn config/fish_config.yaml --run-id=fish-01 --force",
        "mlagents_version": "1.1.0",
        "mlagents_envs_version": "1.1.0",
        "communication_protocol_version": "1.5.0",
        "pytorch_version": "2.8.0+cpu",
        "numpy_version": "1.23.5",
        "end_time_seconds": "1757347422"
    },
    "total": 176.81840949994512,
    "count": 1,
    "self": 0.005032999906688929,
    "children": {
        "run_training.setup": {
            "total": 0.08663689997047186,
            "count": 1,
            "self": 0.08663689997047186
        },
        "TrainerController.start_learning": {
            "total": 176.72673960006796,
            "count": 1,
            "self": 0.3919947948306799,
            "children": {
                "TrainerController._reset_env": {
                    "total": 9.910258800024167,
                    "count": 1,
                    "self": 9.910258800024167
                },
                "TrainerController.advance": {
                    "total": 166.3404349051416,
                    "count": 39867,
                    "self": 0.3816600881982595,
                    "children": {
                        "env_step": {
                            "total": 160.27427230984904,
                            "count": 39867,
                            "self": 145.17268322687596,
                            "children": {
                                "SubprocessEnvManager._take_step": {
                                    "total": 14.837588670896366,
                                    "count": 39867,
                                    "self": 1.1210640743374825,
                                    "children": {
                                        "TorchPolicy.evaluate": {
                                            "total": 13.716524596558884,
                                            "count": 39867,
                                            "self": 13.716524596558884
                                        }
                                    }
                                },
                                "workers": {
                                    "total": 0.26400041207671165,
                                    "count": 39866,
                                    "self": 0.0,
                                    "children": {
                                        "worker_root": {
                                            "total": 104.9294920056127,
                                            "count": 39866,
                                            "is_parallel": true,
                                            "self": 41.60124931228347,
                                            "children": {
                                                "steps_from_proto": {
                                                    "total": 0.0003033000975847244,