{
    "name": "root",
    "metadata": {
        "timer_format_version": "0.1.0",
        "start_time_seconds": "1757184445",
        "python_version": "3.10.12 | packaged by Anaconda, Inc. | (main, Jul  5 2023, 19:01:18) [MSC v.1916 64 bit (AMD64)]",
        "command_line_arguments": "C:\\Users\\Van\\miniconda3\\envs\\mlagents-env\\Scripts\\mlagents-learn config/fish_config.yaml --run-id=fish-01 --force",
        "mlagents_version": "1.1.0",
        "mlagents_envs_version": "1.1.0",
        "communication_protocol_version": "1.5.0",
        "pytorch_version": "2.8.0+cpu",
        "numpy_version": "1.23.5",
        "end_time_seconds": "1757184568"
    },
    "total": 123.0715165999718,
    "count": 1,
    "self": 0.005062999902293086,
    "children": {
        "run_training.setup": {
            "total": 0.08203599997796118,
            "count": 1,
            "self": 0.08203599997796118
        },
        "TrainerController.start_learning": {
            "total": 122.98441760009155,
            "count": 1,
            "self": 0.00012600002810359,
            "children": {
                "TrainerController._reset_env": {
                    "total": 11.377046499866992,
                    "count": 1,
                    "self": 11.377046499866992
                },
                "TrainerController.advance": {
                    "total": 111.46627279999666,
                    "count": 1,
                    "self": 1.9900035113096237e-05,
                    "children": {
                        "env_step": {
                            "total": 111.46625289996155,
                            "count": 1,
                            "self": 111.46624799980782,
                            "children": {
                                "SubprocessEnvManager._take_step": {
                                    "total": 4.90015372633934e-06,
                                    "count": 1,
                                    "self": 4.90015372633934e-06
                                }
                            }
                        }
                    }
                },
                "TrainerController._save_models": {
                    "total": 0.1409723001997918,
                    "count": 1,
                    "self": 0.011760200140997767,
                    "children": {
                        "RLTrainer._checkpoint": {
                            "total": 0.12921210005879402,
                            "count": 1,
                            "self": 0.12921210005879402
                        }
                    }
                }
            }
        }
    }
}